{
    "Modules": {
        "...MASTER...": {
            "start_perf": [
                0.49559688568115234,
                0.120409,
                0.127161,
                252400,
                265308,
                1580582235.8597269,
                9100512838091352
            ],
            "end_perf": [
                0.5186460018157959,
                0.120409,
                0.135967,
                253936,
                265308,
                9100512893303244,
                0,
                0
            ],
            "child_modules": {
                "std": 1,
                "accum_double_buffer": 1
            },
            "nQuads": 5,
            "nMops": 9,
            "nRouts": 9
        },
        "std": {
            "start_perf": [
                0.51881098747253418,
                0.120409,
                0.136133,
                253936,
                265308,
                1580582235.882941,
                9100512893665008
            ],
            "end_perf": [
                0.53818798065185547,
                0.126503,
                0.138817,
                253952,
                265308,
                9100512940075816,
                8589934594,
                0
            ],
            "child_modules": {},
            "Compiled Times": 3,
            "Compiled": "Yes",
            "nMops": 472,
            "svclass": [
                "$vcs_nba_dyn_obj",
                0,
                37,
                2,
                2,
                0,
                "sigprop$$",
                0,
                37,
                2,
                2,
                0,
                "process",
                0,
                184,
                8,
                8,
                0,
                "event",
                0,
                36,
                2,
                2,
                0,
                "mailbox",
                0,
                107,
                9,
                9,
                0,
                "semaphore",
                0,
                71,
                5,
                5,
                0
            ],
            "nQuads": 218,
            "nRouts": 33
        },
        "accum_double_buffer": {
            "start_perf": [
                0.53828096389770508,
                0.12654799999999999,
                0.13886699999999999,
                253952,
                265308,
                1580582235.902411,
                9100512940270560
            ],
            "end_perf": [
                0.55187606811523438,
                0.13417399999999999,
                0.14088300000000001,
                254720,
                265308,
                9100512972895468,
                12884901889,
                0
            ],
            "Compiled Times": 3,
            "child_modules": {},
            "nMops": 1091,
            "Compiled": "Yes",
            "nQuads": 585,
            "nRouts": 97
        }
    },
    "CompUnits": {},
    "reusePaths": {
        "reYIK_d": {
            "icPath": "csrc"
        },
        "amcQw_d": {
            "icPath": "csrc"
        },
        "TRCea_d": {
            "icPath": "csrc"
        }
    },
    "ObjArchives": [
        {
            "objects": [
                [
                    "amcQwB.o",
                    99718
                ]
            ],
            "archive": "archive.2/_32591_archive_1.a",
            "size": 99718
        }
    ],
    "stat": {
        "peak_mem_kb": 265308,
        "ru_self_end": {
            "ru_utime_sec": 0.13830899999999999,
            "ru_stime_sec": 0.15500700000000001,
            "ru_nvcsw": 279,
            "ru_maxrss_kb": 77968,
            "ru_minflt": 27282,
            "ru_majflt": 0,
            "ru_nivcsw": 3
        },
        "cpu_cycles_end": 9100513098825836,
        "ru_childs_end": {
            "ru_utime_sec": 0.030809,
            "ru_stime_sec": 0.078782000000000005,
            "ru_nvcsw": 30,
            "ru_maxrss_kb": 21900,
            "ru_minflt": 11018,
            "ru_majflt": 0,
            "ru_nivcsw": 24
        }
    }
}